{"cameraMode":{"drawMode":0,"name":"Shaded","section":"Shading Mode"},"sceneLighting":true,"audioPlay":false,"sceneViewState":{"m_AlwaysRefresh":false,"showFog":true,"showSkybox":true,"showFlares":true,"showImageEffects":true,"showParticleSystems":true,"showVisualEffectGraphs":true,"m_FxEnabled":true},"in2DMode":false,"pivot":{"x":-0.655792236328125,"y":8.471800804138184,"z":-2.3317222595214845},"rotation":{"x":-0.006521663162857294,"y":0.9342532157897949,"z":-0.0171076450496912,"w":-0.35614141821861269},"size":15.999885559082032,"orthographic":false}